{"cameraMode":{"drawMode":0,"name":"Shaded","section":"Shading Mode"},"sceneLighting":false,"audioPlay":false,"sceneViewState":{"m_AlwaysRefresh":false,"showFog":true,"showSkybox":false,"showFlares":true,"showImageEffects":true,"showParticleSystems":true,"showVisualEffectGraphs":true,"m_FxEnabled":true},"in2DMode":false,"pivot":{"x":-15.887338638305664,"y":3.9118552207946779,"z":152.11395263671876},"rotation":{"x":0.04028131067752838,"y":0.7482390999794006,"z":-0.04562222957611084,"w":0.6606330275535584},"size":9.964940071105957,"orthographic":true}