{"cameraMode":{"drawMode":0,"name":"Shaded","section":"Shading Mode"},"sceneLighting":false,"audioPlay":false,"sceneViewState":{"m_AlwaysRefresh":false,"showFog":true,"showSkybox":false,"showFlares":true,"showImageEffects":true,"showParticleSystems":true,"showVisualEffectGraphs":true,"m_FxEnabled":true},"in2DMode":false,"pivot":{"x":-8.169998168945313,"y":2.5400009155273439,"z":187.6229248046875},"rotation":{"x":0.47106704115867617,"y":-0.0005307315150275826,"z":0.0002834645565599203,"w":0.8820977210998535},"size":82.85489654541016,"orthographic":true}